{
	"credit": "Made with Blockbench",
	"texture_size": [256, 256],
	"textures": {
		"0": "objects/vault_hacked",
		"particle": "objects/vault_hacked"
	},
	"elements": [
		{
			"from": [-16, -16, -8],
			"to": [32, 32, 0],
			"rotation": {"angle": 0, "axis": "y", "origin": [-8, -8, -2]},
			"faces": {
				"north": {"uv": [0, 0, 3, 3], "texture": "#0"},
				"east": {"uv": [3, 5.125, 3.5, 8.125], "texture": "#0"},
				"south": {"uv": [0, 0, 3, 3], "texture": "#0"},
				"west": {"uv": [3.5, 5.125, 4, 8.125], "texture": "#0"},
				"up": {"uv": [6, 2.625, 3, 2.125], "texture": "#0"},
				"down": {"uv": [7, 5.125, 4, 5.625], "texture": "#0"}
			}
		},
		{
			"from": [-12, -9.25, -16],
			"to": [-9, 25.25, 18.5],
			"rotation": {"angle": -22.5, "axis": "y", "origin": [55, -3, 12.5]},
			"faces": {
				"north": {"uv": [5.125, 0, 5.3125, 2.125], "texture": "#0"},
				"east": {"uv": [3, 0, 5.125, 2.125], "texture": "#0"},
				"south": {"uv": [5.125, 2.625, 5.3125, 4.75], "texture": "#0"},
				"west": {"uv": [3, 3, 5.125, 5.125], "texture": "#0"},
				"up": {"uv": [5.125, 2.8125, 3, 2.625], "rotation": 270, "texture": "#0"},
				"down": {"uv": [5.125, 2.8125, 3, 3], "rotation": 90, "texture": "#0"}
			}
		},
		{
			"from": [-15, 2, -9],
			"to": [-10, 13, -8],
			"rotation": {"angle": 0, "axis": "y", "origin": [-4, 10, -1]},
			"faces": {
				"north": {"uv": [5.3125, 0, 5.625, 0.6875], "texture": "#0"},
				"east": {"uv": [5.3125, 1.375, 5.375, 2.0625], "texture": "#0"},
				"south": {"uv": [5.3125, 0.6875, 5.625, 1.375], "texture": "#0"},
				"west": {"uv": [5.3125, 2.625, 5.375, 3.3125], "texture": "#0"},
				"up": {"uv": [5.4375, 4.8125, 5.125, 4.75], "texture": "#0"},
				"down": {"uv": [5.4375, 4.8125, 5.125, 4.875], "texture": "#0"}
			}
		}
	]
}