{
	"credit": "Made with Blockbench",
	"textures": {
		"0": "block/ladder",
		"particle": "block/ladder"
	},
	"elements": [
		{
			"name": "ladder_0",
			"from": [2, 0, 15],
			"to": [4, 16, 16],
			"rotation": {"angle": 0, "axis": "x", "origin": [8, 8, 23]},
			"faces": {
				"north": {"uv": [2, 16, 4, 0], "rotation": 180, "texture": "#0"},
				"east": {"uv": [3, 0, 4, 16], "texture": "#0"},
				"south": {"uv": [2, 0, 4, 16], "texture": "#0"},
				"west": {"uv": [2, 0, 3, 16], "texture": "#0"},
				"up": {"uv": [4, 0, 2, 1], "rotation": 180, "texture": "#0"},
				"down": {"uv": [2, 15, 4, 16], "texture": "#0"}
			}
		},
		{
			"name": "ladder_1",
			"from": [12, 0, 15],
			"to": [14, 16, 16],
			"rotation": {"angle": 0, "axis": "x", "origin": [8, 8, 23]},
			"faces": {
				"north": {"uv": [12, 16, 14, 0], "rotation": 180, "texture": "#0"},
				"east": {"uv": [13, 0, 14, 16], "texture": "#0"},
				"south": {"uv": [12, 0, 14, 16], "texture": "#0"},
				"west": {"uv": [12, 0, 13, 16], "texture": "#0"},
				"up": {"uv": [14, 0, 12, 1], "rotation": 180, "texture": "#0"},
				"down": {"uv": [12, 15, 14, 16], "texture": "#0"}
			}
		},
		{
			"name": "ladder_2",
			"from": [1, 13, 15],
			"to": [2, 15, 16],
			"rotation": {"angle": 0, "axis": "x", "origin": [8, 8, 23]},
			"faces": {
				"north": {"uv": [1, 3, 2, 1], "rotation": 180, "texture": "#0"},
				"east": {"uv": [1, 1, 2, 3], "texture": "#0"},
				"south": {"uv": [1, 1, 2, 3], "texture": "#0"},
				"west": {"uv": [1, 1, 2, 3], "texture": "#0"},
				"up": {"uv": [2, 1, 1, 2], "rotation": 180, "texture": "#0"},
				"down": {"uv": [1, 2, 2, 3], "texture": "#0"}
			}
		},
		{
			"name": "ladder_3",
			"from": [4, 13, 15],
			"to": [12, 15, 16],
			"rotation": {"angle": 0, "axis": "x", "origin": [8, 8, 23]},
			"faces": {
				"north": {"uv": [4, 3, 12, 1], "rotation": 180, "texture": "#0"},
				"east": {"uv": [11, 1, 12, 3], "texture": "#0"},
				"south": {"uv": [4, 1, 12, 3], "texture": "#0"},
				"west": {"uv": [4, 1, 5, 3], "texture": "#0"},
				"up": {"uv": [12, 1, 4, 2], "rotation": 180, "texture": "#0"},
				"down": {"uv": [4, 2, 12, 3], "texture": "#0"}
			}
		},
		{
			"name": "ladder_4",
			"from": [14, 13, 15],
			"to": [15, 15, 16],
			"rotation": {"angle": 0, "axis": "x", "origin": [8, 8, 23]},
			"faces": {
				"north": {"uv": [14, 3, 15, 1], "rotation": 180, "texture": "#0"},
				"east": {"uv": [14, 1, 15, 3], "texture": "#0"},
				"south": {"uv": [14, 1, 15, 3], "texture": "#0"},
				"west": {"uv": [14, 1, 15, 3], "texture": "#0"},
				"up": {"uv": [15, 1, 14, 2], "rotation": 180, "texture": "#0"},
				"down": {"uv": [14, 2, 15, 3], "texture": "#0"}
			}
		},
		{
			"name": "ladder_5",
			"from": [1, 9, 15],
			"to": [2, 11, 16],
			"rotation": {"angle": 0, "axis": "x", "origin": [8, 8, 23]},
			"faces": {
				"north": {"uv": [1, 7, 2, 5], "rotation": 180, "texture": "#0"},
				"east": {"uv": [1, 5, 2, 7], "texture": "#0"},
				"south": {"uv": [1, 5, 2, 7], "texture": "#0"},
				"west": {"uv": [1, 5, 2, 7], "texture": "#0"},
				"up": {"uv": [2, 5, 1, 6], "rotation": 180, "texture": "#0"},
				"down": {"uv": [1, 6, 2, 7], "texture": "#0"}
			}
		},
		{
			"name": "ladder_6",
			"from": [4, 9, 15],
			"to": [12, 11, 16],
			"rotation": {"angle": 0, "axis": "x", "origin": [8, 8, 23]},
			"faces": {
				"north": {"uv": [4, 7, 12, 5], "rotation": 180, "texture": "#0"},
				"east": {"uv": [11, 5, 12, 7], "texture": "#0"},
				"south": {"uv": [4, 5, 12, 7], "texture": "#0"},
				"west": {"uv": [4, 5, 5, 7], "texture": "#0"},
				"up": {"uv": [12, 5, 4, 6], "rotation": 180, "texture": "#0"},
				"down": {"uv": [4, 6, 12, 7], "texture": "#0"}
			}
		},
		{
			"name": "ladder_7",
			"from": [14, 9, 15],
			"to": [15, 11, 16],
			"rotation": {"angle": 0, "axis": "x", "origin": [8, 8, 23]},
			"faces": {
				"north": {"uv": [14, 7, 15, 5], "rotation": 180, "texture": "#0"},
				"east": {"uv": [14, 5, 15, 7], "texture": "#0"},
				"south": {"uv": [14, 5, 15, 7], "texture": "#0"},
				"west": {"uv": [14, 5, 15, 7], "texture": "#0"},
				"up": {"uv": [15, 5, 14, 6], "rotation": 180, "texture": "#0"},
				"down": {"uv": [14, 6, 15, 7], "texture": "#0"}
			}
		},
		{
			"name": "ladder_8",
			"from": [1, 5, 15],
			"to": [2, 7, 16],
			"rotation": {"angle": 0, "axis": "x", "origin": [8, 8, 23]},
			"faces": {
				"north": {"uv": [1, 11, 2, 9], "rotation": 180, "texture": "#0"},
				"east": {"uv": [1, 9, 2, 11], "texture": "#0"},
				"south": {"uv": [1, 9, 2, 11], "texture": "#0"},
				"west": {"uv": [1, 9, 2, 11], "texture": "#0"},
				"up": {"uv": [2, 9, 1, 10], "rotation": 180, "texture": "#0"},
				"down": {"uv": [1, 10, 2, 11], "texture": "#0"}
			}
		},
		{
			"name": "ladder_9",
			"from": [4, 5, 15],
			"to": [12, 7, 16],
			"rotation": {"angle": 0, "axis": "x", "origin": [8, 8, 23]},
			"faces": {
				"north": {"uv": [4, 11, 12, 9], "rotation": 180, "texture": "#0"},
				"east": {"uv": [11, 9, 12, 11], "texture": "#0"},
				"south": {"uv": [4, 9, 12, 11], "texture": "#0"},
				"west": {"uv": [4, 9, 5, 11], "texture": "#0"},
				"up": {"uv": [12, 9, 4, 10], "rotation": 180, "texture": "#0"},
				"down": {"uv": [4, 10, 12, 11], "texture": "#0"}
			}
		},
		{
			"name": "ladder_10",
			"from": [14, 5, 15],
			"to": [15, 7, 16],
			"rotation": {"angle": 0, "axis": "x", "origin": [8, 8, 23]},
			"faces": {
				"north": {"uv": [14, 11, 15, 9], "rotation": 180, "texture": "#0"},
				"east": {"uv": [14, 9, 15, 11], "texture": "#0"},
				"south": {"uv": [14, 9, 15, 11], "texture": "#0"},
				"west": {"uv": [14, 9, 15, 11], "texture": "#0"},
				"up": {"uv": [15, 9, 14, 10], "rotation": 180, "texture": "#0"},
				"down": {"uv": [14, 10, 15, 11], "texture": "#0"}
			}
		},
		{
			"name": "ladder_11",
			"from": [1, 1, 15],
			"to": [2, 3, 16],
			"rotation": {"angle": 0, "axis": "x", "origin": [8, 8, 23]},
			"faces": {
				"north": {"uv": [1, 15, 2, 13], "rotation": 180, "texture": "#0"},
				"east": {"uv": [1, 13, 2, 15], "texture": "#0"},
				"south": {"uv": [1, 13, 2, 15], "texture": "#0"},
				"west": {"uv": [1, 13, 2, 15], "texture": "#0"},
				"up": {"uv": [2, 13, 1, 14], "rotation": 180, "texture": "#0"},
				"down": {"uv": [1, 14, 2, 15], "texture": "#0"}
			}
		},
		{
			"name": "ladder_12",
			"from": [4, 1, 15],
			"to": [12, 3, 16],
			"rotation": {"angle": 0, "axis": "x", "origin": [8, 8, 23]},
			"faces": {
				"north": {"uv": [4, 15, 12, 13], "rotation": 180, "texture": "#0"},
				"east": {"uv": [11, 13, 12, 15], "texture": "#0"},
				"south": {"uv": [4, 13, 12, 15], "texture": "#0"},
				"west": {"uv": [4, 13, 5, 15], "texture": "#0"},
				"up": {"uv": [12, 13, 4, 14], "rotation": 180, "texture": "#0"},
				"down": {"uv": [4, 14, 12, 15], "texture": "#0"}
			}
		},
		{
			"name": "ladder_13",
			"from": [14, 1, 15],
			"to": [15, 3, 16],
			"rotation": {"angle": 0, "axis": "x", "origin": [8, 8, 23]},
			"faces": {
				"north": {"uv": [14, 15, 15, 13], "rotation": 180, "texture": "#0"},
				"east": {"uv": [14, 13, 15, 15], "texture": "#0"},
				"south": {"uv": [14, 13, 15, 15], "texture": "#0"},
				"west": {"uv": [14, 13, 15, 15], "texture": "#0"},
				"up": {"uv": [15, 13, 14, 14], "rotation": 180, "texture": "#0"},
				"down": {"uv": [14, 14, 15, 15], "texture": "#0"}
			}
		}
	],
	"groups": [
		{
			"name": "ladder",
			"origin": [8, 8, 8],
			"children": [0, 1, 2, 3, 4, 5, 6, 7, 8, 9, 10, 11, 12, 13]
		}
	]
}