{
	"credit": "Made with Blockbench",
	"texture_size": [128, 128],
	"textures": {
		"0": "objects/freezing_chamber",
		"particle": "objects/freezing_chamber"
	},
	"elements": [
		{
			"from": [-1.5, -11, -1.5],
			"to": [17.5, 26, 17.5],
			"rotation": {"angle": 0, "axis": "y", "origin": [7.5, -3, 7.5]},
			"faces": {
				"north": {"uv": [0, 0, 2.25, 4.375], "texture": "#0"},
				"east": {"uv": [4.25, 4.625, 6.5, 9], "texture": "#0"},
				"south": {"uv": [0, 4.75, 2.25, 9.125], "texture": "#0"},
				"west": {"uv": [2.125, 2.125, 4.375, 6.5], "texture": "#0"},
				"up": {"uv": [0, 0, 2.25, 2.25], "texture": "#0"},
				"down": {"uv": [0, 0, 2.25, 2.25], "texture": "#0"}
			}
		}
	]
}