{
	"credit": "Made with Blockbench",
	"texture_size": [64, 64],
	"textures": {
		"0": "weapons/hammer",
		"particle": "weapons/hammer"
	},
	"elements": [
		{
			"from": [6.5, -8, 6.5],
			"to": [9.5, 8, 9.5],
			"rotation": {"angle": 0, "axis": "y", "origin": [14.5, 0, 14.5]},
			"faces": {
				"north": {"uv": [3.5, 5.25, 4.25, 9.25], "texture": "#0"},
				"east": {"uv": [4.25, 5.25, 5, 9.25], "texture": "#0"},
				"south": {"uv": [5, 5.25, 5.75, 9.25], "texture": "#0"},
				"west": {"uv": [5.5, 0, 6.25, 4], "texture": "#0"},
				"up": {"uv": [5.5, 2.5, 4.75, 1.75], "texture": "#0"},
				"down": {"uv": [5.5, 2.5, 4.75, 3.25], "texture": "#0"}
			}
		},
		{
			"from": [6, -11, 6],
			"to": [10, -8, 10],
			"rotation": {"angle": 0, "axis": "y", "origin": [14.5, -1, 14.5]},
			"faces": {
				"north": {"uv": [3.75, 2.75, 4.75, 3.5], "texture": "#0"},
				"east": {"uv": [5.75, 5.75, 6.75, 6.5], "texture": "#0"},
				"south": {"uv": [5.75, 5, 6.75, 5.75], "texture": "#0"},
				"west": {"uv": [6.25, 0, 7.25, 0.75], "texture": "#0"},
				"up": {"uv": [4.75, 2.75, 3.75, 1.75], "texture": "#0"},
				"down": {"uv": [6.25, 4, 5.25, 5], "texture": "#0"}
			}
		},
		{
			"from": [4.75, 8, 0.5],
			"to": [11.75, 15, 15.5],
			"rotation": {"angle": 0, "axis": "y", "origin": [12.75, 16, 8.5]},
			"faces": {
				"north": {"uv": [3.75, 0, 5.5, 1.75], "texture": "#0"},
				"east": {"uv": [0, 1.75, 3.75, 3.5], "texture": "#0"},
				"south": {"uv": [3.75, 0, 5.5, 1.75], "texture": "#0"},
				"west": {"uv": [0, 1.75, 3.75, 3.5], "texture": "#0"},
				"up": {"uv": [1.75, 7.25, 0, 3.5], "texture": "#0"},
				"down": {"uv": [1.75, 7.25, 0, 3.5], "texture": "#0"}
			}
		}
	],
	"display": {
		"thirdperson_righthand": {
			"translation": [0, 10.25, 0]
		},
		"thirdperson_lefthand": {
			"translation": [0, 11, 0]
		},
		"firstperson_righthand": {
			"rotation": [-6, 0, 0],
			"translation": [0, 4.25, 0.25],
			"scale": [0.7, 0.7, 0.7]
		},
		"firstperson_lefthand": {
			"rotation": [-6, 0, 0],
			"translation": [0, 4.25, 0.25],
			"scale": [0.7, 0.7, 0.7]
		},
		"ground": {
			"rotation": [0, 0, 90],
			"translation": [-2.5, 0, 0],
			"scale": [0.6, 0.6, 0.6]
		},
		"gui": {
			"rotation": [30, 225, 0],
			"translation": [0, 2.75, 0],
			"scale": [0.8, 0.8, 0.8]
		},
		"head": {
			"rotation": [31.25, 0, 0],
			"translation": [0, 2, -8.75]
		},
		"fixed": {
			"rotation": [0, 90, 0],
			"translation": [0, 6.25, 0]
		}
	}
}