{
	"credit": "Made with Blockbench",
	"texture_size": [64, 64],
	"textures": {
		"0": "weapons/toast_hammer",
		"particle": "weapons/toast_hammer"
	},
	"elements": [
		{
			"from": [6.5, -9, 6.5],
			"to": [9.5, 7, 9.5],
			"rotation": {"angle": 0, "axis": "y", "origin": [14.5, -1, 14]},
			"faces": {
				"north": {"uv": [3.5, 6.5, 4.25, 10.5], "texture": "#0"},
				"east": {"uv": [4.25, 6.5, 5, 10.5], "texture": "#0"},
				"south": {"uv": [5, 7, 5.75, 11], "texture": "#0"},
				"west": {"uv": [5.75, 7, 6.5, 11], "texture": "#0"},
				"up": {"uv": [6.5, 3, 5.75, 2.25], "texture": "#0"},
				"down": {"uv": [3.5, 7.5, 2.75, 8.25], "texture": "#0"}
			}
		},
		{
			"from": [6.5, 7, 6.5],
			"to": [9.5, 14, 9.5],
			"rotation": {"angle": 0, "axis": "y", "origin": [14.5, 15, 14]},
			"faces": {
				"north": {"uv": [5.75, 0.5, 6.5, 2.25], "texture": "#0"},
				"east": {"uv": [6.5, 0.5, 7.25, 2.25], "texture": "#0"},
				"south": {"uv": [6.5, 7, 7.25, 8.75], "texture": "#0"},
				"west": {"uv": [7, 2.25, 7.75, 4], "texture": "#0"},
				"up": {"uv": [1.75, 8.75, 1, 8], "texture": "#0"},
				"down": {"uv": [2.5, 8, 1.75, 8.75], "texture": "#0"}
			}
		},
		{
			"from": [6, -11, 6],
			"to": [10, -9, 10],
			"rotation": {"angle": 0, "axis": "y", "origin": [14.5, -17, 14]},
			"faces": {
				"north": {"uv": [4, 3, 5, 3.5], "texture": "#0"},
				"east": {"uv": [7.75, 3.5, 8.75, 4], "texture": "#0"},
				"south": {"uv": [7.25, 8, 8.25, 8.5], "texture": "#0"},
				"west": {"uv": [2.5, 8.25, 3.5, 8.75], "texture": "#0"},
				"up": {"uv": [8.25, 1.5, 7.25, 0.5], "texture": "#0"},
				"down": {"uv": [1, 7.5, 0, 8.5], "texture": "#0"}
			}
		},
		{
			"from": [7, 19, 16],
			"to": [9, 20, 19],
			"rotation": {"angle": 0, "axis": "y", "origin": [14, 21, 11]},
			"faces": {
				"north": {"uv": [7.25, 2, 7.75, 2.25], "texture": "#0"},
				"east": {"uv": [1.5, 8.75, 2.25, 9], "texture": "#0"},
				"south": {"uv": [3, 8.75, 3.5, 9], "texture": "#0"},
				"west": {"uv": [2.25, 8.75, 3, 9], "texture": "#0"},
				"up": {"uv": [7, 3, 6.5, 2.25], "texture": "#0"},
				"down": {"uv": [8.75, 8.25, 8.25, 9], "texture": "#0"}
			}
		},
		{
			"from": [4.5, 14, 0],
			"to": [11.5, 21, 16],
			"rotation": {"angle": 0, "axis": "y", "origin": [11.5, 22, 8]},
			"faces": {
				"north": {"uv": [5.25, 5.25, 7, 7], "texture": "#0"},
				"east": {"uv": [0, 0, 4, 1.75], "texture": "#0"},
				"south": {"uv": [5.25, 3, 7, 4.75], "texture": "#0"},
				"west": {"uv": [0, 1.75, 4, 3.5], "texture": "#0"},
				"up": {"uv": [1.75, 7.5, 0, 3.5], "texture": "#0"},
				"down": {"uv": [3.5, 3.5, 1.75, 7.5], "texture": "#0"}
			}
		},
		{
			"from": [4.5, 21, 2],
			"to": [11.5, 23, 14],
			"rotation": {"angle": 0, "axis": "y", "origin": [11.5, 29, 8]},
			"faces": {
				"north": {"uv": [7.25, 1.5, 9, 2], "texture": "#0"},
				"east": {"uv": [5.25, 4.75, 8.25, 5.25], "texture": "#0"},
				"south": {"uv": [7.25, 6.75, 9, 7.25], "texture": "#0"},
				"west": {"uv": [5.75, 0, 8.75, 0.5], "texture": "#0"},
				"up": {"uv": [5.25, 6.5, 3.5, 3.5], "texture": "#0"},
				"down": {"uv": [5.75, 0, 4, 3], "texture": "#0"}
			}
		},
		{
			"from": [4.51, 20.77817, 6.53553],
			"to": [11.49, 23.6066, 8.28553],
			"rotation": {"angle": 45, "axis": "x", "origin": [11.5, 28.77817, 3.53553]},
			"faces": {
				"north": {"uv": [7, 4, 8.75, 4.75], "texture": "#0"},
				"east": {"uv": [7.15, 8.5, 7.75, 9.25], "texture": "#0"},
				"south": {"uv": [7, 5.25, 8.75, 6], "texture": "#0"},
				"west": {"uv": [0, 8.5, 0.6, 9.25], "texture": "#0"},
				"up": {"uv": [2.75, 8, 1, 7.5], "texture": "#0"},
				"down": {"uv": [9.5, 2, 7.75, 2.5], "texture": "#0"}
			}
		},
		{
			"from": [4.51, 20.77817, 7.71447],
			"to": [11.49, 23.6066, 9.46447],
			"rotation": {"angle": -45, "axis": "x", "origin": [11.5, 28.77817, 12.46447]},
			"faces": {
				"north": {"uv": [7, 6, 8.75, 6.75], "texture": "#0"},
				"east": {"uv": [7.15, 8.5, 7.75, 9.25], "rotation": 180, "texture": "#0"},
				"south": {"uv": [7.25, 7.25, 9, 8], "texture": "#0"},
				"west": {"uv": [7.15, 8.5, 7.75, 9.25], "texture": "#0"},
				"up": {"uv": [9.5, 3, 7.75, 2.5], "texture": "#0"},
				"down": {"uv": [9.5, 3, 7.75, 3.5], "texture": "#0"}
			}
		},
		{
			"from": [6, 23, 6],
			"to": [7, 24, 11],
			"rotation": {"angle": 0, "axis": "y", "origin": [14, 31, 14]},
			"faces": {
				"north": {"uv": [5, 3, 5.25, 3.25], "texture": "#0"},
				"east": {"uv": [8.25, 5, 9.5, 5.25], "texture": "#0"},
				"south": {"uv": [5, 3.25, 5.25, 3.5], "texture": "#0"},
				"west": {"uv": [8.25, 8, 9.5, 8.25], "texture": "#0"},
				"up": {"uv": [1.25, 10, 1, 8.75], "texture": "#0"},
				"down": {"uv": [1.5, 8.75, 1.25, 10], "texture": "#0"}
			}
		},
		{
			"from": [9, 23, 6],
			"to": [10, 24, 11],
			"rotation": {"angle": 0, "axis": "y", "origin": [2, 31, 14]},
			"faces": {
				"north": {"uv": [5.25, 3, 5, 3.25], "texture": "#0"},
				"east": {"uv": [9.5, 8, 8.25, 8.25], "texture": "#0"},
				"south": {"uv": [5.25, 3.25, 5, 3.5], "texture": "#0"},
				"west": {"uv": [9.5, 5, 8.25, 5.25], "texture": "#0"},
				"up": {"uv": [1, 10, 1.25, 8.75], "texture": "#0"},
				"down": {"uv": [1.25, 8.75, 1.5, 10], "texture": "#0"}
			}
		},
		{
			"from": [6, 24, 5.5],
			"to": [7, 25, 11.5],
			"rotation": {"angle": 0, "axis": "y", "origin": [14, 32, 13.5]},
			"faces": {
				"north": {"uv": [5, 6.5, 5.25, 6.75], "texture": "#0"},
				"east": {"uv": [8.25, 1.25, 9.75, 1.5], "texture": "#0"},
				"south": {"uv": [5, 6.75, 5.25, 7], "texture": "#0"},
				"west": {"uv": [8.25, 4.75, 9.75, 5], "texture": "#0"},
				"up": {"uv": [8, 10, 7.75, 8.5], "texture": "#0"},
				"down": {"uv": [8.25, 8.5, 8, 10], "texture": "#0"}
			}
		},
		{
			"from": [9, 24, 5.5],
			"to": [10, 25, 11.5],
			"rotation": {"angle": 0, "axis": "y", "origin": [2, 32, 13.5]},
			"faces": {
				"north": {"uv": [5.25, 6.5, 5, 6.75], "texture": "#0"},
				"east": {"uv": [9.75, 4.75, 8.25, 5], "texture": "#0"},
				"south": {"uv": [5.25, 6.75, 5, 7], "texture": "#0"},
				"west": {"uv": [9.75, 1.25, 8.25, 1.5], "texture": "#0"},
				"up": {"uv": [7.75, 10, 8, 8.5], "texture": "#0"},
				"down": {"uv": [8, 8.5, 8.25, 10], "texture": "#0"}
			}
		}
	],
	"display": {
		"thirdperson_righthand": {
			"translation": [0, 5.25, 0.5],
			"scale": [0.6, 0.6, 0.6]
		},
		"thirdperson_lefthand": {
			"translation": [0, 5.25, 0.5],
			"scale": [0.6, 0.6, 0.6]
		},
		"firstperson_righthand": {
			"rotation": [-9.5, 0, 0],
			"scale": [0.5, 0.5, 0.5]
		},
		"firstperson_lefthand": {
			"rotation": [-9.5, 0, 0],
			"scale": [0.5, 0.5, 0.5]
		},
		"gui": {
			"rotation": [30, 225, 0],
			"translation": [0, 0.75, 0],
			"scale": [0.65, 0.65, 0.65]
		},
		"head": {
			"rotation": [28, -180, 0],
			"translation": [0, -2, -15.75]
		}
	}
}