{
	"credit": "Made with Blockbench",
	"texture_size": [64, 64],
	"textures": {
		"1": "weapons/toy_hammer"
	},
	"elements": [
		{
			"from": [6.5, -11, 6.5],
			"to": [9.5, 5, 9.5],
			"rotation": {"angle": 0, "axis": "y", "origin": [14.5, -3, 14.5]},
			"faces": {
				"north": {"uv": [8.5, 11.25, 9.25, 15.25], "texture": "#1"},
				"east": {"uv": [9.25, 11.25, 10, 15.25], "texture": "#1"},
				"south": {"uv": [10, 11.25, 10.75, 15.25], "texture": "#1"},
				"west": {"uv": [10.75, 11.25, 11.5, 15.25], "texture": "#1"},
				"up": {"uv": [10.5, 7, 9.75, 6.25], "texture": "#1"},
				"down": {"uv": [13.5, 7, 12.75, 7.75], "texture": "#1"}
			}
		},
		{
			"from": [6.55, -8, 6.55],
			"to": [9.45, 8, 9.45],
			"rotation": {"angle": 0, "axis": "y", "origin": [14.5, 0, 14.5]},
			"faces": {
				"north": {"uv": [8.5, 11.25, 9.25, 15.25], "texture": "#1"},
				"east": {"uv": [9.25, 11.25, 10, 15.25], "texture": "#1"},
				"south": {"uv": [10, 11.25, 10.75, 15.25], "texture": "#1"},
				"west": {"uv": [10.75, 11.25, 11.5, 15.25], "texture": "#1"},
				"up": {"uv": [10.5, 7, 9.75, 6.25], "texture": "#1"},
				"down": {"uv": [13.5, 7, 12.75, 7.75], "texture": "#1"}
			}
		},
		{
			"from": [7, -13, 7],
			"to": [9, -11, 9],
			"rotation": {"angle": 0, "axis": "y", "origin": [14.5, -5, 14.5]},
			"faces": {
				"north": {"uv": [7.5, 7, 8, 7.5], "texture": "#1"},
				"east": {"uv": [8, 7, 8.5, 7.5], "texture": "#1"},
				"south": {"uv": [8.5, 7, 9, 7.5], "texture": "#1"},
				"west": {"uv": [8.5, 9.75, 9, 10.25], "texture": "#1"},
				"up": {"uv": [9, 10.75, 8.5, 10.25], "texture": "#1"},
				"down": {"uv": [11, 6.25, 10.5, 6.75], "texture": "#1"}
			}
		},
		{
			"from": [6, 3, 6],
			"to": [10, 4, 10],
			"rotation": {"angle": 0, "axis": "y", "origin": [14.5, 11, 14.5]},
			"faces": {
				"north": {"uv": [7.5, 2.25, 8.5, 2.5], "texture": "#1"},
				"east": {"uv": [8.5, 2.25, 9.5, 2.5], "texture": "#1"},
				"south": {"uv": [9.75, 2, 10.75, 2.25], "texture": "#1"},
				"west": {"uv": [10.75, 2, 11.75, 2.25], "texture": "#1"},
				"up": {"uv": [4.5, 13, 3.5, 12], "texture": "#1"},
				"down": {"uv": [13.5, 8, 12.5, 9], "texture": "#1"}
			}
		},
		{
			"from": [6, 5, 6],
			"to": [10, 6, 10],
			"rotation": {"angle": 0, "axis": "y", "origin": [14.5, 13, 14.5]},
			"faces": {
				"north": {"uv": [13, 4, 14, 4.25], "texture": "#1"},
				"east": {"uv": [13.25, 10, 14.25, 10.25], "texture": "#1"},
				"south": {"uv": [13.25, 10.25, 14.25, 10.5], "texture": "#1"},
				"west": {"uv": [13.25, 10.5, 14.25, 10.75], "texture": "#1"},
				"up": {"uv": [13.5, 10, 12.5, 9], "texture": "#1"},
				"down": {"uv": [13.75, 12.75, 12.75, 13.75], "texture": "#1"}
			}
		},
		{
			"from": [7.5, -14, 7.5],
			"to": [8.5, -12, 8.5],
			"rotation": {"angle": 0, "axis": "y", "origin": [14.5, -6, 14.5]},
			"faces": {
				"north": {"uv": [8.5, 10.75, 8.75, 11.25], "texture": "#1"},
				"east": {"uv": [8.75, 10.75, 9, 11.25], "texture": "#1"},
				"south": {"uv": [11, 8, 11.25, 8.5], "texture": "#1"},
				"west": {"uv": [11, 8.5, 11.25, 9], "texture": "#1"},
				"up": {"uv": [9.75, 4.75, 9.5, 4.5], "texture": "#1"},
				"down": {"uv": [10.75, 6.75, 10.5, 7], "texture": "#1"}
			}
		},
		{
			"from": [4.5, 8, 5.5],
			"to": [11.5, 15, 10.5],
			"rotation": {"angle": 0, "axis": "y", "origin": [12.5, 16, 18.5]},
			"faces": {
				"north": {"uv": [9.75, 4.5, 11.5, 6.25], "texture": "#1"},
				"east": {"uv": [7, 11.75, 8.25, 13.5], "texture": "#1"},
				"south": {"uv": [11, 6.25, 12.75, 8], "texture": "#1"},
				"west": {"uv": [11.75, 2.5, 13, 4.25], "texture": "#1"},
				"up": {"uv": [1.75, 13.25, 0, 12], "texture": "#1"},
				"down": {"uv": [3.5, 12, 1.75, 13.25], "texture": "#1"}
			}
		},
		{
			"from": [3.5, 7, 10.5],
			"to": [12.5, 16, 11.5],
			"rotation": {"angle": 0, "axis": "y", "origin": [12.5, 23, 18.5]},
			"faces": {
				"north": {"uv": [5, 2.5, 7.25, 4.75], "texture": "#1"},
				"east": {"uv": [0.75, 13.25, 1, 15.5], "texture": "#1"},
				"south": {"uv": [7.25, 2.5, 9.5, 4.75], "texture": "#1"},
				"west": {"uv": [1, 13.25, 1.25, 15.5], "texture": "#1"},
				"up": {"uv": [15, 8, 12.75, 7.75], "texture": "#1"},
				"down": {"uv": [15, 11.5, 12.75, 11.75], "texture": "#1"}
			}
		},
		{
			"from": [3.5, 7, 4.5],
			"to": [12.5, 16, 5.5],
			"rotation": {"angle": 0, "axis": "y", "origin": [12.5, 23, 13.5]},
			"faces": {
				"north": {"uv": [0, 7.5, 2.25, 9.75], "texture": "#1"},
				"east": {"uv": [1.25, 13.25, 1.5, 15.5], "texture": "#1"},
				"south": {"uv": [2.25, 7.5, 4.5, 9.75], "texture": "#1"},
				"west": {"uv": [1.5, 13.25, 1.75, 15.5], "texture": "#1"},
				"up": {"uv": [15, 12, 12.75, 11.75], "texture": "#1"},
				"down": {"uv": [15, 12, 12.75, 12.25], "texture": "#1"}
			}
		},
		{
			"from": [3, 6.5, 11.5],
			"to": [13, 16.5, 12.5],
			"rotation": {"angle": 0, "axis": "y", "origin": [12.5, 22, 4.5]},
			"faces": {
				"north": {"uv": [0, 5, 2.5, 7.5], "texture": "#1"},
				"east": {"uv": [4.25, 13, 4.5, 15.5], "texture": "#1"},
				"south": {"uv": [2.5, 5, 5, 7.5], "texture": "#1"},
				"west": {"uv": [0, 13.25, 0.25, 15.75], "texture": "#1"},
				"up": {"uv": [14.25, 4.5, 11.75, 4.25], "texture": "#1"},
				"down": {"uv": [15.25, 6.25, 12.75, 6.5], "texture": "#1"}
			}
		},
		{
			"from": [3.25, 6.75, 13.5],
			"to": [12.75, 16.25, 14.5],
			"rotation": {"angle": 0, "axis": "y", "origin": [12.5, 22, 6.5]},
			"faces": {
				"north": {"uv": [5, 5, 7.5, 7.5], "texture": "#1"},
				"east": {"uv": [0.25, 13.25, 0.5, 15.75], "texture": "#1"},
				"south": {"uv": [5, 0, 7.5, 2.5], "texture": "#1"},
				"west": {"uv": [0.5, 13.25, 0.75, 15.75], "texture": "#1"},
				"up": {"uv": [15.25, 6.75, 12.75, 6.5], "texture": "#1"},
				"down": {"uv": [15.25, 6.75, 12.75, 7], "texture": "#1"}
			}
		},
		{
			"from": [3.5, 7, 15.5],
			"to": [12.5, 16, 16.5],
			"rotation": {"angle": 0, "axis": "y", "origin": [12.5, 22, 8.5]},
			"faces": {
				"north": {"uv": [9, 9, 11.25, 11.25], "texture": "#1"},
				"east": {"uv": [2.75, 13.25, 3, 15.5], "texture": "#1"},
				"south": {"uv": [9.5, 2.25, 11.75, 4.5], "texture": "#1"},
				"west": {"uv": [3, 13.25, 3.25, 15.5], "texture": "#1"},
				"up": {"uv": [15.25, 3.25, 13, 3], "texture": "#1"},
				"down": {"uv": [15.25, 3.25, 13, 3.5], "texture": "#1"}
			}
		},
		{
			"from": [3.75, 7.25, 17.5],
			"to": [12.25, 15.75, 18.5],
			"rotation": {"angle": 0, "axis": "y", "origin": [12.5, 22, 10.5]},
			"faces": {
				"north": {"uv": [0, 9.75, 2.25, 12], "texture": "#1"},
				"east": {"uv": [3.25, 13.25, 3.5, 15.5], "texture": "#1"},
				"south": {"uv": [2.25, 9.75, 4.5, 12], "texture": "#1"},
				"west": {"uv": [7, 13.5, 7.25, 15.75], "texture": "#1"},
				"up": {"uv": [15.25, 3.75, 13, 3.5], "texture": "#1"},
				"down": {"uv": [15.25, 3.75, 13, 4], "texture": "#1"}
			}
		},
		{
			"from": [4.25, 7.75, 12.5],
			"to": [11.75, 15.25, 17.5],
			"rotation": {"angle": 0, "axis": "y", "origin": [12.5, 22, 9.5]},
			"faces": {
				"north": {"uv": [6.5, 9.75, 8.5, 11.75], "texture": "#1"},
				"east": {"uv": [4.5, 11.75, 5.75, 13.75], "texture": "#1"},
				"south": {"uv": [9.75, 0, 11.75, 2], "texture": "#1"},
				"west": {"uv": [5.75, 11.75, 7, 13.75], "texture": "#1"},
				"up": {"uv": [13.75, 1.25, 11.75, 0], "texture": "#1"},
				"down": {"uv": [13.75, 1.25, 11.75, 2.5], "texture": "#1"}
			}
		},
		{
			"from": [3, 6.5, 3.5],
			"to": [13, 16.5, 4.5],
			"rotation": {"angle": 0, "axis": "y", "origin": [12.5, 22, 11.5]},
			"faces": {
				"north": {"uv": [5, 5, 2.5, 7.5], "texture": "#1"},
				"east": {"uv": [4.5, 13, 4.25, 15.5], "texture": "#1"},
				"south": {"uv": [2.5, 5, 0, 7.5], "texture": "#1"},
				"west": {"uv": [0.25, 13.25, 0, 15.75], "texture": "#1"},
				"up": {"uv": [14.25, 4.25, 11.75, 4.5], "texture": "#1"},
				"down": {"uv": [15.25, 6.5, 12.75, 6.25], "texture": "#1"}
			}
		},
		{
			"from": [3.25, 6.75, 1.5],
			"to": [12.75, 16.25, 2.5],
			"rotation": {"angle": 0, "axis": "y", "origin": [12.5, 22, 9.5]},
			"faces": {
				"north": {"uv": [7.5, 0, 5, 2.5], "texture": "#1"},
				"east": {"uv": [0.5, 13.25, 0.25, 15.75], "texture": "#1"},
				"south": {"uv": [7.5, 5, 5, 7.5], "texture": "#1"},
				"west": {"uv": [0.75, 13.25, 0.5, 15.75], "texture": "#1"},
				"up": {"uv": [15.25, 6.5, 12.75, 6.75], "texture": "#1"},
				"down": {"uv": [15.25, 7, 12.75, 6.75], "texture": "#1"}
			}
		},
		{
			"from": [3.5, 7, -0.5],
			"to": [12.5, 16, 0.5],
			"rotation": {"angle": 0, "axis": "y", "origin": [12.5, 22, 7.5]},
			"faces": {
				"north": {"uv": [11.75, 2.25, 9.5, 4.5], "texture": "#1"},
				"east": {"uv": [3, 13.25, 2.75, 15.5], "texture": "#1"},
				"south": {"uv": [11.25, 9, 9, 11.25], "texture": "#1"},
				"west": {"uv": [3.25, 13.25, 3, 15.5], "texture": "#1"},
				"up": {"uv": [15.25, 3, 13, 3.25], "texture": "#1"},
				"down": {"uv": [15.25, 3.5, 13, 3.25], "texture": "#1"}
			}
		},
		{
			"from": [3.75, 7.25, -2.5],
			"to": [12.25, 15.75, -1.5],
			"rotation": {"angle": 0, "axis": "y", "origin": [12.5, 22, 5.5]},
			"faces": {
				"north": {"uv": [4.5, 9.75, 2.25, 12], "texture": "#1"},
				"east": {"uv": [3.5, 13.25, 3.25, 15.5], "texture": "#1"},
				"south": {"uv": [2.25, 9.75, 0, 12], "texture": "#1"},
				"west": {"uv": [7.25, 13.5, 7, 15.75], "texture": "#1"},
				"up": {"uv": [15.25, 3.5, 13, 3.75], "texture": "#1"},
				"down": {"uv": [15.25, 4, 13, 3.75], "texture": "#1"}
			}
		},
		{
			"from": [4.25, 7.75, -1.5],
			"to": [11.75, 15.25, 3.5],
			"rotation": {"angle": 0, "axis": "y", "origin": [12.5, 22, 6.5]},
			"faces": {
				"north": {"uv": [11.75, 0, 9.75, 2], "texture": "#1"},
				"east": {"uv": [5.75, 11.75, 4.5, 13.75], "texture": "#1"},
				"south": {"uv": [8.5, 9.75, 6.5, 11.75], "texture": "#1"},
				"west": {"uv": [7, 11.75, 5.75, 13.75], "texture": "#1"},
				"up": {"uv": [13.75, 0, 11.75, 1.25], "texture": "#1"},
				"down": {"uv": [13.75, 2.5, 11.75, 1.25], "texture": "#1"}
			}
		}
	],
	"display": {
		"thirdperson_righthand": {
			"translation": [0, 9.5, 0],
			"scale": [0.9, 0.9, 0.9]
		},
		"thirdperson_lefthand": {
			"translation": [0, 9.5, 0],
			"scale": [0.9, 0.9, 0.9]
		},
		"firstperson_righthand": {
			"rotation": [-6, 0, 0],
			"translation": [0, 4.25, 0.25],
			"scale": [0.5, 0.5, 0.5]
		},
		"firstperson_lefthand": {
			"rotation": [-6, 0, 0],
			"translation": [0, 4.25, 0.25],
			"scale": [0.5, 0.5, 0.5]
		},
		"ground": {
			"rotation": [0, 0, 90],
			"translation": [-2.5, 0, 0],
			"scale": [0.6, 0.6, 0.6]
		},
		"gui": {
			"rotation": [30, 225, 0],
			"translation": [0, 2.75, 0],
			"scale": [0.8, 0.8, 0.8]
		},
		"head": {
			"rotation": [31.25, 0, 0],
			"translation": [0, 2, -8.75]
		},
		"fixed": {
			"rotation": [0, 90, 0],
			"translation": [0, 6.25, 0]
		}
	},
	"groups": [0, 1, 2, 3, 4, 5, 6, 7, 8,
		{
			"name": "group",
			"origin": [12.75, 22, 6.5],
			"children": [9, 10, 11, 12, 13]
		},
		{
			"name": "group",
			"origin": [12.75, 22, 6.5],
			"children": [14, 15, 16, 17, 18]
		}
	]
}