{
	"credit": "Made with Blockbench",
	"textures": {
		"0": "gui/computer/start",
		"particle": "gui/computer/start"
	},
	"elements": [
		{
			"from": [-16, -16, -16],
			"to": [32, 32, -16],
			"faces": {
				"north": {"uv": [0, 0, 16, 6.525], "texture": "#0"},
				"east": {"uv": [0, 0, 16, 6.525], "texture": "#0"},
				"south": {"uv": [0, 0, 16, 6.525], "texture": "#0"},
				"west": {"uv": [0, 0, 16, 6.525], "texture": "#0"},
				"up": {"uv": [0, 0, 16, 6.525], "texture": "#0"},
				"down": {"uv": [0, 0, 16, 6.525], "texture": "#0"}
			}
		}
	],
	"gui_light": "front",
	"display": {
		"gui": {
			"translation": [0, -13, -80],
			"scale": [3.6, 1.5, 1]
		}
	}
}