{
	"parent": "minecraft:item/generated",
	"textures": {
	  "layer0": "minecraft:item/diamond"
	},
	"overrides": [
		{
			"predicate":{
				"custom_model_data": 1
			},
			"model": "objects/computer_normal"
		},
		{
			"predicate":{
				"custom_model_data": 2
			},
			"model": "objects/computer_hacked"
		},
		{
			"predicate":{
				"custom_model_data": 3
			},
			"model": "objects/computer_failed"
		},
		{
			"predicate":{
				"custom_model_data": 4
			},
			"model": "objects/computer_inactive"
		},
		{
			"predicate":{
				"custom_model_data": 5
			},
			"model": "objects/computer_start"
		}
	]
}