{
	"credit": "Made with Blockbench",
	"textures": {
		"0": "gui/computer/start_button",
		"particle": "gui/computer/start_button"
	},
	"elements": [
		{
			"from": [-16, 0, 0],
			"to": [32, 32, 1],
			"rotation": {"angle": 0, "axis": "y", "origin": [-8, 8, 8]},
			"faces": {
				"north": {"uv": [0, 0, 12, 8], "texture": "#0"},
				"east": {"uv": [0, 0, 1, 16], "texture": "#0"},
				"south": {"uv": [0, 0, 12, 8], "texture": "#0"},
				"west": {"uv": [0, 0, 1, 16], "texture": "#0"},
				"up": {"uv": [0, 0, 16, 1], "texture": "#0"},
				"down": {"uv": [0, 0, 16, 1], "texture": "#0"}
			}
		}
	],
	"gui_light": "front",
	"display": {
		"gui": {
			"translation": [0, 0, 1],
			"scale": [1.14, 1.13, 1]
		}
	}
}