{
	"parent": "minecraft:block/quartz_bricks",
	"overrides": [
		{
			"predicate":{
				"custom_model_data": 1
			},
			"model": "hats/none"
		},
		{
			"predicate":{
				"custom_model_data": 2
			},
			"model": "hats/horns"
		},
		{
			"predicate":{
				"custom_model_data": 3
			},
			"model": "hats/party_hat"
		},
		{
			"predicate":{
				"custom_model_data": 4
			},
			"model": "hats/apple"
		},
		{
			"predicate":{
				"custom_model_data": 5
			},
			"model": "hats/golden_apple"
		},
		{
			"predicate":{
				"custom_model_data": 6
			},
			"model": "hats/mask"
		}
	]
}