{
	"credit": "Made with Blockbench",
	"texture_size": [32, 32],
	"textures": {
		"0": "hats/golden_apple",
		"1": "hats/arrow",
		"particle": "hats/apple"
	},
	"elements": [
		{
			"from": [3, 16, 3],
			"to": [13, 26, 13],
			"rotation": {"angle": 0, "axis": "y", "origin": [11, 24, 11]},
			"faces": {
				"north": {"uv": [0, 0, 5, 5], "texture": "#0"},
				"east": {"uv": [0, 0, 5, 5], "texture": "#0"},
				"south": {"uv": [0, 0, 5, 5], "texture": "#0"},
				"west": {"uv": [0, 0, 5, 5], "texture": "#0"},
				"up": {"uv": [5, 15, 0, 10], "texture": "#0"},
				"down": {"uv": [10, 10, 5, 15], "texture": "#0"}
			}
		},
		{
			"from": [7, 26, 7],
			"to": [9, 30, 9],
			"rotation": {"angle": -22.5, "axis": "z", "origin": [7, 26, 8]},
			"faces": {
				"north": {"uv": [10, 10, 11, 12], "texture": "#0"},
				"east": {"uv": [10, 0, 11, 2], "texture": "#0"},
				"south": {"uv": [10, 2, 11, 4], "texture": "#0"},
				"west": {"uv": [10, 4, 11, 6], "texture": "#0"},
				"up": {"uv": [11, 7, 10, 6], "texture": "#0"},
				"down": {"uv": [11, 7, 10, 8], "texture": "#0"}
			}
		},
		{
			"from": [7.5, 20.5, -1],
			"to": [8.5, 21.5, 15],
			"rotation": {"angle": 0, "axis": "y", "origin": [15, 28, 7]},
			"faces": {
				"north": {"uv": [2, 2, 2.5, 2.5], "texture": "#1"},
				"east": {"uv": [0, 0, 8, 0.5], "texture": "#1"},
				"south": {"uv": [2, 3, 2.5, 3.5], "texture": "#1"},
				"west": {"uv": [0, 1, 8, 1.5], "texture": "#1"},
				"up": {"uv": [0.5, 10, 0, 2], "texture": "#1"},
				"down": {"uv": [1.5, 2, 1, 10], "texture": "#1"}
			}
		},
		{
			"from": [6.75, 19.75, -3],
			"to": [9.25, 22.25, -1],
			"rotation": {"angle": 0, "axis": "y", "origin": [14.5, 27.5, 6]},
			"faces": {
				"north": {"uv": [15, 15, 16, 16], "texture": "#1"},
				"east": {"uv": [15, 15, 16, 16], "texture": "#1"},
				"south": {"uv": [15, 15, 16, 16], "texture": "#1"},
				"west": {"uv": [15, 15, 16, 16], "texture": "#1"},
				"up": {"uv": [15, 15, 16, 16], "texture": "#1"},
				"down": {"uv": [15, 15, 16, 16], "texture": "#1"}
			}
		},
		{
			"from": [7.75, 19.75, 15],
			"to": [8.25, 22.25, 17],
			"rotation": {"angle": 0, "axis": "y", "origin": [8, 20.75, 15]},
			"faces": {
				"north": {"uv": [15, 15, 15.25, 16.25], "texture": "#1"},
				"east": {"uv": [15, 15, 16, 16], "texture": "#1"},
				"south": {"uv": [15, 15, 15.25, 16.25], "texture": "#1"},
				"west": {"uv": [15, 15, 16, 16], "texture": "#1"},
				"up": {"uv": [15, 15, 15.25, 16], "texture": "#1"},
				"down": {"uv": [15, 15, 15.25, 16], "texture": "#1"}
			}
		},
		{
			"from": [6.75, 20.75, 15],
			"to": [9.25, 21.25, 17],
			"rotation": {"angle": 0, "axis": "z", "origin": [8.25, 21, 15]},
			"faces": {
				"north": {"uv": [15, 15, 15.25, 16.25], "rotation": 90, "texture": "#1"},
				"east": {"uv": [15, 15, 15.25, 16], "rotation": 270, "texture": "#1"},
				"south": {"uv": [15, 15, 15.25, 16.25], "rotation": 270, "texture": "#1"},
				"west": {"uv": [15, 15, 15.25, 16], "rotation": 270, "texture": "#1"},
				"up": {"uv": [15, 15, 16, 16], "rotation": 270, "texture": "#1"},
				"down": {"uv": [15, 15, 16, 16], "rotation": 270, "texture": "#1"}
			}
		},
		{
			"from": [7.25, 20.25, -5],
			"to": [8.75, 21.75, -3],
			"rotation": {"angle": 0, "axis": "y", "origin": [14.5, 27.5, 4]},
			"faces": {
				"north": {"uv": [15, 15, 16, 16], "texture": "#1"},
				"east": {"uv": [15, 15, 16, 16], "texture": "#1"},
				"south": {"uv": [15, 15, 16, 16], "texture": "#1"},
				"west": {"uv": [15, 15, 16, 16], "texture": "#1"},
				"up": {"uv": [15, 15, 16, 16], "texture": "#1"},
				"down": {"uv": [15, 15, 16, 16], "texture": "#1"}
			}
		}
	],
	"display": {
		"gui": {
			"rotation": [30, 225, 0],
			"translation": [0, -11.25, 0]
		},
		"head": {
			"translation": [0, -1.5, 0],
			"scale": [0.95, 0.95, 0.95]
		}
	}
}