{
	"credit": "Made with Blockbench",
	"textures": {
		"0": "hats/horns",
		"particle": "hats/horns"
	},
	"elements": [
		{
			"from": [-8.75, 17, 6],
			"to": [-4.75, 25, 10],
			"rotation": {"angle": 45, "axis": "z", "origin": [2.25, 25, 14]},
			"faces": {
				"north": {"uv": [0, 0, 2, 4], "texture": "#0"},
				"east": {"uv": [2, 2, 4, 6], "texture": "#0"},
				"south": {"uv": [0, 4, 2, 8], "texture": "#0"},
				"west": {"uv": [4, 4, 6, 8], "texture": "#0"},
				"up": {"uv": [4, 2, 2, 0], "texture": "#0"},
				"down": {"uv": [6, 0, 4, 2], "texture": "#0"}
			}
		},
		{
			"from": [20.75, 17, 6],
			"to": [24.75, 25, 10],
			"rotation": {"angle": -45, "axis": "z", "origin": [13.75, 25, 14]},
			"faces": {
				"north": {"uv": [2, 0, 0, 4], "texture": "#0"},
				"east": {"uv": [6, 4, 4, 8], "texture": "#0"},
				"south": {"uv": [2, 4, 0, 8], "texture": "#0"},
				"west": {"uv": [4, 2, 2, 6], "texture": "#0"},
				"up": {"uv": [2, 2, 4, 0], "texture": "#0"},
				"down": {"uv": [4, 0, 6, 2], "texture": "#0"}
			}
		},
		{
			"from": [-5.52817, 17.22183, 6.01],
			"to": [-1.52817, 21.22183, 9.99],
			"rotation": {"angle": 0, "axis": "z", "origin": [5.47183, 25.22183, 14]},
			"faces": {
				"north": {"uv": [4, 2, 6, 4], "texture": "#0"},
				"east": {"uv": [2, 6, 4, 8], "texture": "#0"},
				"south": {"uv": [6, 6, 8, 8], "texture": "#0"},
				"west": {"uv": [6, 0, 8, 2], "texture": "#0"},
				"up": {"uv": [8, 4, 6, 2], "texture": "#0"},
				"down": {"uv": [8, 4, 6, 6], "texture": "#0"}
			}
		},
		{
			"from": [17.52817, 17.22183, 6.01],
			"to": [21.52817, 21.22183, 9.99],
			"rotation": {"angle": 0, "axis": "z", "origin": [10.52817, 25.22183, 14]},
			"faces": {
				"north": {"uv": [6, 2, 4, 4], "texture": "#0"},
				"east": {"uv": [8, 0, 6, 2], "texture": "#0"},
				"south": {"uv": [8, 6, 6, 8], "texture": "#0"},
				"west": {"uv": [4, 6, 2, 8], "texture": "#0"},
				"up": {"uv": [6, 4, 8, 2], "texture": "#0"},
				"down": {"uv": [6, 4, 8, 6], "texture": "#0"}
			}
		},
		{
			"from": [-5.52817, 22.1436, 2.63405],
			"to": [-1.52817, 26.1436, 6.63405],
			"rotation": {"angle": -22.5, "axis": "x", "origin": [5.47183, 30.1436, 10.63405]},
			"faces": {
				"north": {"uv": [0, 8, 2, 10], "texture": "#0"},
				"east": {"uv": [2, 8, 4, 10], "texture": "#0"},
				"south": {"uv": [4, 8, 6, 10], "texture": "#0"},
				"west": {"uv": [6, 8, 8, 10], "texture": "#0"},
				"up": {"uv": [10, 10, 8, 8], "texture": "#0"},
				"down": {"uv": [10, 0, 8, 2], "texture": "#0"}
			}
		},
		{
			"from": [17.52817, 22.1436, 2.63405],
			"to": [21.52817, 26.1436, 6.63405],
			"rotation": {"angle": -22.5, "axis": "x", "origin": [10.52817, 30.1436, 10.63405]},
			"faces": {
				"north": {"uv": [2, 8, 0, 10], "texture": "#0"},
				"east": {"uv": [8, 8, 6, 10], "texture": "#0"},
				"south": {"uv": [6, 8, 4, 10], "texture": "#0"},
				"west": {"uv": [4, 8, 2, 10], "texture": "#0"},
				"up": {"uv": [8, 10, 10, 8], "texture": "#0"},
				"down": {"uv": [8, 0, 10, 2], "texture": "#0"}
			}
		}
	],
	"display": {
		"ground": {
			"translation": [0, 3, 0],
			"scale": [0.5, 0.5, 0.5]
		},
		"gui": {
			"rotation": [30, 225, 0],
			"translation": [0, -5.5, 0],
			"scale": [0.625, 0.625, 0.625]
		},
		"head": {
			"scale": [0.95, 0.95, 0.95]
		},
		"fixed": {
			"translation": [0, -6.75, 0],
			"scale": [0.7, 0.7, 0.7]
		}
	}
}