{
	"credit": "Made with Blockbench",
	"texture_size": [64, 64],
	"textures": {
		"0": "hats/mask",
		"particle": "hats/mask"
	},
	"elements": [
		{
			"from": [0, 0, 0],
			"to": [16, 16, 16],
			"faces": {
				"north": {"uv": [0, 0, 2, 2], "texture": "#0"},
				"east": {"uv": [0, 4, 2, 6], "texture": "#0"},
				"south": {"uv": [4, 4, 6, 6], "texture": "#0"},
				"west": {"uv": [4, 0, 6, 2], "texture": "#0"},
				"up": {"uv": [11, 12.75, 13, 14.75], "texture": "#0"},
				"down": {"uv": [11, 12.75, 13, 14.75], "rotation": 180, "texture": "#0"}
			}
		}
	],
	"display": {
		"gui": {
			"rotation": [30, 225, 0],
			"translation": [0, 1.25, 0],
			"scale": [0.625, 0.625, 0.625]
		},
		"head": {
			"scale": [0.95, 0.95, 0.951]
		}
	}
}