{
	"credit": "Made with Blockbench",
	"texture_size": [32, 32],
	"textures": {
		"0": "hats/party_hat",
		"particle": "hats/party_hat"
	},
	"elements": [
		{
			"from": [4, 0, 4],
			"to": [12, 4, 12],
			"rotation": {"angle": 0, "axis": "y", "origin": [12, 8, 12]},
			"faces": {
				"north": {"uv": [4, 7, 8, 9], "texture": "#0"},
				"east": {"uv": [7, 0, 11, 2], "texture": "#0"},
				"south": {"uv": [7, 2, 11, 4], "texture": "#0"},
				"west": {"uv": [7, 4, 11, 6], "texture": "#0"},
				"up": {"uv": [4, 4, 0, 0], "texture": "#0"},
				"down": {"uv": [4, 4, 0, 8], "texture": "#0"}
			}
		},
		{
			"from": [5, 4, 5],
			"to": [11, 8, 11],
			"rotation": {"angle": 0, "axis": "y", "origin": [12, 12, 12]},
			"faces": {
				"north": {"uv": [0, 8, 3, 10], "texture": "#0"},
				"east": {"uv": [8, 8, 11, 10], "texture": "#0"},
				"south": {"uv": [8, 6, 11, 8], "texture": "#0"},
				"west": {"uv": [3, 9, 6, 11], "texture": "#0"},
				"up": {"uv": [7, 7, 4, 4], "texture": "#0"},
				"down": {"uv": [7, 0, 4, 3], "texture": "#0"}
			}
		},
		{
			"from": [6, 8, 6],
			"to": [10, 12, 10],
			"rotation": {"angle": 0, "axis": "y", "origin": [12, 16, 12]},
			"faces": {
				"north": {"uv": [6, 9, 8, 11], "texture": "#0"},
				"east": {"uv": [0, 10, 2, 12], "texture": "#0"},
				"south": {"uv": [8, 10, 10, 12], "texture": "#0"},
				"west": {"uv": [10, 10, 12, 12], "texture": "#0"},
				"up": {"uv": [4, 13, 2, 11], "texture": "#0"},
				"down": {"uv": [6, 11, 4, 13], "texture": "#0"}
			}
		},
		{
			"from": [7, 12, 7],
			"to": [9, 15, 9],
			"rotation": {"angle": 0, "axis": "y", "origin": [12, 20, 12]},
			"faces": {
				"north": {"uv": [11, 7.5, 12, 9], "texture": "#0"},
				"east": {"uv": [0, 12, 1, 13.5], "texture": "#0"},
				"south": {"uv": [1, 12, 2, 13.5], "texture": "#0"},
				"west": {"uv": [7.5, 12, 8.5, 13.5], "texture": "#0"},
				"up": {"uv": [5, 4, 4, 3], "texture": "#0"},
				"down": {"uv": [6, 3, 5, 4], "texture": "#0"}
			}
		},
		{
			"from": [6.5, 15, 6.5],
			"to": [9.5, 18, 9.5],
			"rotation": {"angle": 0, "axis": "y", "origin": [11.5, 23, 11.5]},
			"faces": {
				"north": {"uv": [6, 11, 7.5, 12.5], "texture": "#0"},
				"east": {"uv": [6, 11, 7.5, 12.5], "texture": "#0"},
				"south": {"uv": [6, 11, 7.5, 12.5], "texture": "#0"},
				"west": {"uv": [6, 11, 7.5, 12.5], "texture": "#0"},
				"up": {"uv": [6, 11, 7.5, 12.5], "texture": "#0"},
				"down": {"uv": [6, 11, 7.5, 12.5], "texture": "#0"}
			}
		}
	],
	"display": {
		"gui": {
			"rotation": [30, 225, 0],
			"scale": [0.8, 0.8, 0.8]
		},
		"head": {
			"translation": [0, 14.5, 0],
			"scale": [0.95, 0.95, 0.95]
		}
	}
}