{
	"credit": "Made with Blockbench",
	"texture_size": [64, 64],
	"textures": {
		"0": "objects/bear",
		"particle": "objects/bear"
	},
	"elements": [
		{
			"from": [3, 0, 0],
			"to": [13, 10, 16],
			"rotation": {"angle": 0, "axis": "y", "origin": [11, 8, 8]},
			"faces": {
				"north": {"uv": [0, 5, 2.5, 7.5], "texture": "#0"},
				"east": {"uv": [0, 0, 4, 2.5], "texture": "#0"},
				"south": {"uv": [6.5, 6.5, 9, 9], "texture": "#0"},
				"west": {"uv": [0, 2.5, 4, 5], "texture": "#0"},
				"up": {"uv": [6.5, 8, 4, 4], "texture": "#0"},
				"down": {"uv": [6.5, 0, 4, 4], "texture": "#0"}
			}
		},
		{
			"from": [10.5, -6, 0.5],
			"to": [13.5, 2, 3.5],
			"rotation": {"angle": 0, "axis": "y", "origin": [21.5, 8, 8.5]},
			"faces": {
				"north": {"uv": [2.5, 5, 3.25, 7], "texture": "#0"},
				"east": {"uv": [3.25, 5, 4, 7], "texture": "#0"},
				"south": {"uv": [8.5, 0, 9.25, 2], "texture": "#0"},
				"west": {"uv": [8.5, 2, 9.25, 4], "texture": "#0"},
				"up": {"uv": [3, 10.5, 2.25, 9.75], "texture": "#0"},
				"down": {"uv": [3.75, 9.75, 3, 10.5], "texture": "#0"}
			}
		},
		{
			"from": [2.5, -6, 0.5],
			"to": [5.5, 2, 3.5],
			"rotation": {"angle": 0, "axis": "y", "origin": [13.5, 8, 8.5]},
			"faces": {
				"north": {"uv": [1.5, 9.25, 2.25, 11.25], "texture": "#0"},
				"east": {"uv": [9.25, 9.25, 10, 11.25], "texture": "#0"},
				"south": {"uv": [9.25, 0, 10, 2], "texture": "#0"},
				"west": {"uv": [9.25, 2, 10, 4], "texture": "#0"},
				"up": {"uv": [10.5, 7, 9.75, 6.25], "texture": "#0"},
				"down": {"uv": [10.5, 7, 9.75, 7.75], "texture": "#0"}
			}
		},
		{
			"from": [10.5, -6, 12.5],
			"to": [13.5, 2, 15.5],
			"rotation": {"angle": 0, "axis": "y", "origin": [21.5, 8, 20.5]},
			"faces": {
				"north": {"uv": [8.75, 4, 9.5, 6], "texture": "#0"},
				"east": {"uv": [6.25, 9, 7, 11], "texture": "#0"},
				"south": {"uv": [7, 9, 7.75, 11], "texture": "#0"},
				"west": {"uv": [7.75, 9, 8.5, 11], "texture": "#0"},
				"up": {"uv": [4.5, 10.5, 3.75, 9.75], "texture": "#0"},
				"down": {"uv": [5.25, 9.75, 4.5, 10.5], "texture": "#0"}
			}
		},
		{
			"from": [2.5, -6, 12.5],
			"to": [5.5, 2, 15.5],
			"rotation": {"angle": 0, "axis": "y", "origin": [13.5, 8, 20.5]},
			"faces": {
				"north": {"uv": [8.5, 9, 9.25, 11], "texture": "#0"},
				"east": {"uv": [9, 6, 9.75, 8], "texture": "#0"},
				"south": {"uv": [0, 9.25, 0.75, 11.25], "texture": "#0"},
				"west": {"uv": [0.75, 9.25, 1.5, 11.25], "texture": "#0"},
				"up": {"uv": [6, 10.5, 5.25, 9.75], "texture": "#0"},
				"down": {"uv": [10.5, 5.5, 9.75, 6.25], "texture": "#0"}
			}
		},
		{
			"from": [4, 2, -8],
			"to": [12, 9, 1],
			"rotation": {"angle": 0, "axis": "y", "origin": [12, 9, 1]},
			"faces": {
				"north": {"uv": [2.25, 8, 4.25, 9.75], "texture": "#0"},
				"east": {"uv": [6.5, 4.5, 8.75, 6.25], "texture": "#0"},
				"south": {"uv": [4.25, 8, 6.25, 9.75], "texture": "#0"},
				"west": {"uv": [0, 7.5, 2.25, 9.25], "texture": "#0"},
				"up": {"uv": [8.5, 2.25, 6.5, 0], "texture": "#0"},
				"down": {"uv": [8.5, 2.25, 6.5, 4.5], "texture": "#0"}
			}
		},
		{
			"from": [5.5, 2, -11],
			"to": [10.5, 5, -8],
			"rotation": {"angle": 0, "axis": "y", "origin": [12.5, 10, -8]},
			"faces": {
				"north": {"uv": [2.5, 7, 3.75, 7.75], "texture": "#0"},
				"east": {"uv": [10, 10, 10.75, 10.75], "texture": "#0"},
				"south": {"uv": [9, 8, 10.25, 8.75], "texture": "#0"},
				"west": {"uv": [10, 0, 10.75, 0.75], "texture": "#0"},
				"up": {"uv": [10.75, 4.75, 9.5, 4], "texture": "#0"},
				"down": {"uv": [10.75, 4.75, 9.5, 5.5], "texture": "#0"}
			}
		},
		{
			"from": [9, 8.5, -7],
			"to": [12, 10.5, -6],
			"rotation": {"angle": -22.5, "axis": "z", "origin": [10, 8.5, -4]},
			"faces": {
				"north": {"uv": [9.25, 8.75, 10, 9.25], "texture": "#0"},
				"east": {"uv": [3.75, 7, 4, 7.5], "texture": "#0"},
				"south": {"uv": [10, 0.75, 10.75, 1.25], "texture": "#0"},
				"west": {"uv": [3.75, 7.5, 4, 8], "texture": "#0"},
				"up": {"uv": [7.25, 6.5, 6.5, 6.25], "texture": "#0"},
				"down": {"uv": [8, 6.25, 7.25, 6.5], "texture": "#0"}
			}
		},
		{
			"from": [4, 8.5, -7],
			"to": [7, 10.5, -6],
			"rotation": {"angle": 22.5, "axis": "z", "origin": [6, 8.5, -4]},
			"faces": {
				"north": {"uv": [10, 1.25, 10.75, 1.75], "texture": "#0"},
				"east": {"uv": [6.25, 8, 6.5, 8.5], "texture": "#0"},
				"south": {"uv": [10, 1.75, 10.75, 2.25], "texture": "#0"},
				"west": {"uv": [6.25, 8.5, 6.5, 9], "texture": "#0"},
				"up": {"uv": [3, 8, 2.25, 7.75], "texture": "#0"},
				"down": {"uv": [3.75, 7.75, 3, 8], "texture": "#0"}
			}
		}
	],
	"display": {
		"head": {
			"translation": [0, -4.25, 5],
			"scale": [2, 2, 2]
		}
	}
}