{
	"credit": "Made with Blockbench",
	"texture_size": [64, 64],
	"textures": {
		"0": "objects/computer_normal",
		"particle": "objects/computer_normal"
	},
	"elements": [
		{
			"from": [1, 0, 0.5],
			"to": [15, 1, 7.5],
			"rotation": {"angle": 0, "axis": "y", "origin": [9, 8, 8.5]},
			"faces": {
				"north": {"uv": [3.75, 3.5, 7.25, 3.75], "texture": "#0"},
				"east": {"uv": [6, 5.5, 7.75, 5.75], "texture": "#0"},
				"south": {"uv": [2.5, 5.5, 6, 5.75], "texture": "#0"},
				"west": {"uv": [0.5, 6.25, 2.25, 6.5], "texture": "#0"},
				"up": {"uv": [7.25, 5.5, 3.75, 3.75], "texture": "#0"},
				"down": {"uv": [7.25, 0, 3.75, 1.75], "texture": "#0"}
			}
		},
		{
			"from": [3, 0, 9],
			"to": [13, 1, 14],
			"rotation": {"angle": 0, "axis": "y", "origin": [9, 8, 17]},
			"faces": {
				"north": {"uv": [4, 5.75, 6.5, 6], "texture": "#0"},
				"east": {"uv": [2.5, 5, 3.75, 5.25], "texture": "#0"},
				"south": {"uv": [4, 6, 6.5, 6.25], "texture": "#0"},
				"west": {"uv": [2.5, 5.25, 3.75, 5.5], "texture": "#0"},
				"up": {"uv": [6.25, 3, 3.75, 1.75], "texture": "#0"},
				"down": {"uv": [2.5, 5, 0, 6.25], "texture": "#0"}
			}
		},
		{
			"from": [6.5, 1, 11.5],
			"to": [9.5, 5, 12.5],
			"rotation": {"angle": 0, "axis": "y", "origin": [9, 9, 16.5]},
			"faces": {
				"north": {"uv": [2.5, 5.75, 3.25, 6.75], "texture": "#0"},
				"east": {"uv": [2.25, 6.25, 2.5, 7.25], "texture": "#0"},
				"south": {"uv": [3.25, 5.75, 4, 6.75], "texture": "#0"},
				"west": {"uv": [4, 6.25, 4.25, 7.25], "texture": "#0"},
				"up": {"uv": [5, 6.5, 4.25, 6.25], "texture": "#0"},
				"down": {"uv": [5.75, 6.25, 5, 6.5], "texture": "#0"}
			}
		},
		{
			"from": [0.5, 3, 11.25],
			"to": [15.5, 12.5, 12.25],
			"rotation": {"angle": 0, "axis": "y", "origin": [9, 11, 16.25]},
			"faces": {
				"north": {"uv": [0, 0, 3.75, 2.5], "texture": "#0"},
				"east": {"uv": [0, 6.25, 0.25, 8.75], "texture": "#0"},
				"south": {"uv": [0, 2.5, 3.75, 5], "texture": "#0"},
				"west": {"uv": [0.25, 6.25, 0.5, 8.75], "texture": "#0"},
				"up": {"uv": [7.5, 3.25, 3.75, 3], "texture": "#0"},
				"down": {"uv": [7.5, 3.25, 3.75, 3.5], "texture": "#0"}
			}
		}
	],
	"display": {
		"thirdperson_righthand": {
			"rotation": [-43.75, -334.75, 0],
			"translation": [0, 0, -2.25],
			"scale": [0.4, 0.4, 0.4]
		},
		"thirdperson_lefthand": {
			"rotation": [-43.75, -334.75, 0],
			"translation": [0, 0, -2.25],
			"scale": [0.4, 0.4, 0.4]
		},
		"ground": {
			"translation": [0, 3, 0],
			"scale": [0.7, 0.7, 0.7]
		},
		"gui": {
			"rotation": [30, 225, 0],
			"translation": [-0.75, 1.5, 0],
			"scale": [0.85, 0.85, 0.85]
		},
		"head": {
			"translation": [0, -13.05, 0],
			"scale": [2.3, 2.3, 2.3]
		},
		"fixed": {
			"translation": [0, 1.5, -0.5],
			"scale": [1, 1, 0.1]
		}
	}
}