{
	"credit": "Made with Blockbench",
	"texture_size": [128, 128],
	"textures": {
		"0": "objects/freezing_chamber",
		"particle": "objects/freezing_chamber"
	},
	"elements": [
		{
			"from": [-3, -16, 17],
			"to": [19, -11, 19],
			"rotation": {"angle": 0, "axis": "y", "origin": [5, -8, 10]},
			"faces": {
				"north": {"uv": [12.25, 5.25, 9.5, 5.875], "texture": "#0"},
				"east": {"uv": [9.5, 6.125, 9.25, 6.75], "texture": "#0"},
				"south": {"uv": [9.5, 5.5, 6.75, 6.125], "texture": "#0"},
				"west": {"uv": [9.25, 6.125, 9.5, 6.75], "texture": "#0"},
				"up": {"uv": [7.25, 2.5, 4.5, 2.75], "texture": "#0"},
				"down": {"uv": [7.25, 2.75, 4.5, 2.5], "texture": "#0"}
			}
		},
		{
			"from": [-3, -16, -1],
			"to": [-1, -11, 17],
			"rotation": {"angle": 0, "axis": "y", "origin": [5, -8, 7]},
			"faces": {
				"north": {"uv": [0, 0, 0.25, 0.625], "texture": "#0"},
				"east": {"uv": [12, 5.25, 9.75, 5.875], "texture": "#0"},
				"south": {"uv": [0, 0, 0.25, 0.625], "texture": "#0"},
				"west": {"uv": [9.75, 5.25, 12, 5.875], "texture": "#0"},
				"up": {"uv": [4.5, 0.25, 4.75, 2.5], "texture": "#0"},
				"down": {"uv": [4.5, 0.25, 4.75, 2.5], "texture": "#0"}
			}
		},
		{
			"from": [-1, -16, -1],
			"to": [17, -14, 17],
			"rotation": {"angle": 0, "axis": "y", "origin": [7, -8, 7]},
			"faces": {
				"north": {"uv": [6.75, 5.5, 9.5, 6.125], "texture": "#0"},
				"east": {"uv": [6.75, 6.125, 9.5, 6.75], "texture": "#0"},
				"south": {"uv": [9.5, 5.25, 12.25, 5.875], "texture": "#0"},
				"west": {"uv": [9.5, 5.875, 12.25, 6.5], "texture": "#0"},
				"up": {"uv": [7, 2.5, 4.75, 0.25], "texture": "#0"},
				"down": {"uv": [9.5, 6.75, 6.75, 9.5], "texture": "#0"}
			}
		},
		{
			"from": [-3, -16, -3],
			"to": [19, -11, -1],
			"rotation": {"angle": 0, "axis": "y", "origin": [5, -8, 6]},
			"faces": {
				"north": {"uv": [6.75, 5.5, 9.5, 6.125], "texture": "#0"},
				"east": {"uv": [9.25, 6.125, 9.5, 6.75], "texture": "#0"},
				"south": {"uv": [9.5, 5.25, 12.25, 5.875], "texture": "#0"},
				"west": {"uv": [9.5, 6.125, 9.25, 6.75], "texture": "#0"},
				"up": {"uv": [7.25, 2.75, 4.5, 2.5], "texture": "#0"},
				"down": {"uv": [7.25, 2.5, 4.5, 2.75], "texture": "#0"}
			}
		},
		{
			"from": [17, -16, -1],
			"to": [19, -11, 17],
			"rotation": {"angle": 0, "axis": "y", "origin": [11, -8, 7]},
			"faces": {
				"north": {"uv": [0.25, 0, 0, 0.625], "texture": "#0"},
				"east": {"uv": [12, 5.25, 9.75, 5.875], "texture": "#0"},
				"south": {"uv": [0.25, 0, 0, 0.625], "texture": "#0"},
				"west": {"uv": [12, 5.25, 9.75, 5.875], "texture": "#0"},
				"up": {"uv": [4.75, 0.25, 4.5, 2.5], "texture": "#0"},
				"down": {"uv": [4.75, 0.25, 4.5, 2.5], "texture": "#0"}
			}
		},
		{
			"from": [-3, 26.5, -3],
			"to": [19, 29.5, 19],
			"rotation": {"angle": 0, "axis": "y", "origin": [5, 32.5, 5]},
			"faces": {
				"north": {"uv": [9.5, 6.5, 12.25, 6.875], "texture": "#0"},
				"east": {"uv": [9.5, 6.875, 12.25, 7.25], "texture": "#0"},
				"south": {"uv": [9.5, 7.25, 12.25, 7.625], "texture": "#0"},
				"west": {"uv": [9.5, 7.625, 12.25, 8], "texture": "#0"},
				"up": {"uv": [9.5, 5.5, 6.75, 2.75], "texture": "#0"},
				"down": {"uv": [10, 0, 7.25, 2.75], "texture": "#0"}
			}
		},
		{
			"from": [-3, 23.5, -3],
			"to": [19, 25.5, 19],
			"rotation": {"angle": 0, "axis": "y", "origin": [5, 28.5, 5]},
			"faces": {
				"north": {"uv": [9.5, 8, 12.25, 8.25], "texture": "#0"},
				"east": {"uv": [9.5, 8.25, 12.25, 8.5], "texture": "#0"},
				"south": {"uv": [9.5, 8.5, 12.25, 8.75], "texture": "#0"},
				"west": {"uv": [9.5, 8.75, 12.25, 9], "texture": "#0"},
				"up": {"uv": [5, 11.875, 2.25, 9.125], "texture": "#0"},
				"down": {"uv": [7.25, 2.75, 4.5, 0], "texture": "#0"}
			}
		},
		{
			"from": [-2, 25.5, -2],
			"to": [18, 26.5, 18],
			"rotation": {"angle": 0, "axis": "y", "origin": [5, 30.5, 5]},
			"faces": {
				"north": {"uv": [9.5, 9, 12, 9.125], "texture": "#0"},
				"east": {"uv": [9.5, 9.125, 12, 9.25], "texture": "#0"},
				"south": {"uv": [9.5, 9.25, 12, 9.375], "texture": "#0"},
				"west": {"uv": [9.5, 9.375, 12, 9.5], "texture": "#0"},
				"up": {"uv": [10.25, 12, 7.75, 9.5], "texture": "#0"},
				"down": {"uv": [12, 2.75, 9.5, 5.25], "texture": "#0"}
			}
		},
		{
			"from": [18, 25.5, 18],
			"to": [19, 26.5, 19],
			"rotation": {"angle": 0, "axis": "y", "origin": [26, 33.5, 26]},
			"faces": {
				"north": {"uv": [6.625, 2.625, 6.75, 2.75], "texture": "#0"},
				"east": {"uv": [6.625, 2.625, 6.75, 2.75], "texture": "#0"},
				"south": {"uv": [6.625, 2.625, 6.75, 2.75], "texture": "#0"},
				"west": {"uv": [6.625, 2.625, 6.75, 2.75], "texture": "#0"},
				"up": {"uv": [6.625, 2.625, 6.75, 2.75], "texture": "#0"},
				"down": {"uv": [6.625, 2.625, 6.75, 2.75], "texture": "#0"}
			}
		},
		{
			"from": [-3, 25.5, -3],
			"to": [-2, 26.5, -2],
			"rotation": {"angle": 0, "axis": "y", "origin": [5, 33.5, 5]},
			"faces": {
				"north": {"uv": [6.625, 2.625, 6.75, 2.75], "texture": "#0"},
				"east": {"uv": [6.625, 2.625, 6.75, 2.75], "texture": "#0"},
				"south": {"uv": [6.625, 2.625, 6.75, 2.75], "texture": "#0"},
				"west": {"uv": [6.625, 2.625, 6.75, 2.75], "texture": "#0"},
				"up": {"uv": [6.625, 2.625, 6.75, 2.75], "texture": "#0"},
				"down": {"uv": [6.625, 2.625, 6.75, 2.75], "texture": "#0"}
			}
		},
		{
			"from": [18, 25.5, -3],
			"to": [19, 26.5, -2],
			"rotation": {"angle": 0, "axis": "y", "origin": [26, 33.5, 5]},
			"faces": {
				"north": {"uv": [6.625, 2.625, 6.75, 2.75], "texture": "#0"},
				"east": {"uv": [6.625, 2.625, 6.75, 2.75], "texture": "#0"},
				"south": {"uv": [6.625, 2.625, 6.75, 2.75], "texture": "#0"},
				"west": {"uv": [6.625, 2.625, 6.75, 2.75], "texture": "#0"},
				"up": {"uv": [6.625, 2.625, 6.75, 2.75], "texture": "#0"},
				"down": {"uv": [6.625, 2.625, 6.75, 2.75], "texture": "#0"}
			}
		},
		{
			"from": [-3, 25.5, 18],
			"to": [-2, 26.5, 19],
			"rotation": {"angle": 0, "axis": "y", "origin": [5, 33.5, 26]},
			"faces": {
				"north": {"uv": [6.625, 2.625, 6.75, 2.75], "texture": "#0"},
				"east": {"uv": [6.625, 2.625, 6.75, 2.75], "texture": "#0"},
				"south": {"uv": [6.625, 2.625, 6.75, 2.75], "texture": "#0"},
				"west": {"uv": [6.625, 2.625, 6.75, 2.75], "texture": "#0"},
				"up": {"uv": [6.625, 2.625, 6.75, 2.75], "texture": "#0"},
				"down": {"uv": [6.625, 2.625, 6.75, 2.75], "texture": "#0"}
			}
		}
	],
	"display": {
		"thirdperson_righthand": {
			"translation": [0, -1.75, 0],
			"scale": [0.2, 0.2, 0.2]
		},
		"thirdperson_lefthand": {
			"translation": [0, -1.75, 0],
			"scale": [0.2, 0.2, 0.2]
		},
		"firstperson_righthand": {
			"rotation": [-6, 0, 0],
			"translation": [0, -1.75, 0],
			"scale": [0.2, 0.2, 0.2]
		},
		"firstperson_lefthand": {
			"rotation": [-6, 0, 0],
			"translation": [0, -1.75, 0],
			"scale": [0.2, 0.2, 0.2]
		},
		"ground": {
			"translation": [0, -1.75, 0],
			"scale": [0.2, 0.2, 0.2]
		},
		"gui": {
			"rotation": [30, 225, 0],
			"translation": [0, -0.25, 0],
			"scale": [0.3, 0.3, 0.3]
		},
		"head": {
			"translation": [0, -2.5, 0],
			"scale": [1.7, 1.7, 1.7]
		},
		"fixed": {
			"scale": [0.4, 0.4, 0.4]
		}
	},
	"groups": [
		{
			"name": "group",
			"origin": [11, -8, 7],
			"children": [0, 1, 2, 3, 4]
		},
		{
			"name": "group",
			"origin": [5, 36, 5],
			"children": [5, 6, 7, 8, 9, 10, 11]
		}
	]
}