{
	"credit": "Made with Blockbench",
	"texture_size": [128, 128],
	"textures": {
		"0": "objects/freezing_chamber",
		"particle": "objects/freezing_chamber"
	},
	"elements": [
		{
			"from": [-3, -16, -3],
			"to": [19, -11, 19],
			"rotation": {"angle": 0, "axis": "y", "origin": [5, -8, 5]},
			"faces": {
				"north": {"uv": [6.75, 5.5, 9.5, 6.125], "texture": "#0"},
				"east": {"uv": [6.75, 6.125, 9.5, 6.75], "texture": "#0"},
				"south": {"uv": [9.5, 5.25, 12.25, 5.875], "texture": "#0"},
				"west": {"uv": [9.5, 5.875, 12.25, 6.5], "texture": "#0"},
				"up": {"uv": [7.25, 2.75, 4.5, 0], "texture": "#0"},
				"down": {"uv": [9.5, 6.75, 6.75, 9.5], "texture": "#0"}
			}
		}
	],
	"display": {
		"thirdperson_righthand": {
			"translation": [0, -1.75, 0],
			"scale": [0.2, 0.2, 0.2]
		},
		"thirdperson_lefthand": {
			"translation": [0, -1.75, 0],
			"scale": [0.2, 0.2, 0.2]
		},
		"firstperson_righthand": {
			"rotation": [-6, 0, 0],
			"translation": [0, -1.75, 0],
			"scale": [0.2, 0.2, 0.2]
		},
		"firstperson_lefthand": {
			"rotation": [-6, 0, 0],
			"translation": [0, -1.75, 0],
			"scale": [0.2, 0.2, 0.2]
		},
		"ground": {
			"translation": [0, -1.75, 0],
			"scale": [0.2, 0.2, 0.2]
		},
		"gui": {
			"rotation": [30, 225, 0],
			"translation": [0, -0.25, 0],
			"scale": [0.3, 0.3, 0.3]
		},
		"head": {
			"translation": [0, -2.5, 0],
			"scale": [1.7, 1.7, 1.7]
		},
		"fixed": {
			"scale": [0.4, 0.4, 0.4]
		}
	}
}