{
	"credit": "Made with Blockbench",
	"texture_size": [64, 64],
	"textures": {
		"0": "objects/skeleton",
		"particle": "objects/skeleton"
	},
	"elements": [
		{
			"from": [-1, 0, 10],
			"to": [7, 8, 18],
			"rotation": {"angle": -22.5, "axis": "y", "origin": [7, 8, 18]},
			"faces": {
				"north": {"uv": [2, 2, 4, 4], "texture": "#0"},
				"east": {"uv": [0, 2, 2, 4], "texture": "#0"},
				"south": {"uv": [6, 2, 8, 4], "texture": "#0"},
				"west": {"uv": [4, 2, 6, 4], "texture": "#0"},
				"up": {"uv": [2, 0, 4, 2], "rotation": 180, "texture": "#0"},
				"down": {"uv": [4, 0, 6, 2], "texture": "#0"}
			}
		},
		{
			"from": [3, 0, 1],
			"to": [15, 2, 3],
			"rotation": {"angle": 22.5, "axis": "y", "origin": [11, 8, 9]},
			"faces": {
				"north": {"uv": [7, 7.5, 10, 8], "texture": "#0"},
				"east": {"uv": [7.75, 7.5, 8.25, 8], "texture": "#0"},
				"south": {"uv": [7, 7.5, 10, 8], "texture": "#0"},
				"west": {"uv": [8, 7.5, 8.5, 8], "texture": "#0"},
				"up": {"uv": [6.75, 7.5, 9.75, 8], "texture": "#0"},
				"down": {"uv": [6.75, 7.5, 9.75, 8], "texture": "#0"}
			}
		},
		{
			"from": [-1.5, 2, 4.25],
			"to": [10.5, 4, 6.25],
			"rotation": {"angle": -45, "axis": "y", "origin": [6.5, 10, 12.25]},
			"faces": {
				"north": {"uv": [7, 7.5, 10, 8], "rotation": 180, "texture": "#0"},
				"east": {"uv": [7.75, 7.5, 8.25, 8], "rotation": 180, "texture": "#0"},
				"south": {"uv": [7, 7.5, 10, 8], "rotation": 180, "texture": "#0"},
				"west": {"uv": [8, 7.5, 8.5, 8], "rotation": 180, "texture": "#0"},
				"up": {"uv": [6.75, 7.5, 9.75, 8], "rotation": 180, "texture": "#0"},
				"down": {"uv": [6.75, 7.5, 9.75, 8], "texture": "#0"}
			}
		},
		{
			"from": [13, 0, -3],
			"to": [15, 2, 9],
			"rotation": {"angle": -22.5, "axis": "y", "origin": [7, 8, 5]},
			"faces": {
				"north": {"uv": [8, 7.5, 8.5, 8], "texture": "#0"},
				"east": {"uv": [7, 7.5, 10, 8], "texture": "#0"},
				"south": {"uv": [7.75, 7.5, 8.25, 8], "texture": "#0"},
				"west": {"uv": [7, 7.5, 10, 8], "texture": "#0"},
				"up": {"uv": [6.75, 7.5, 9.75, 8], "rotation": 270, "texture": "#0"},
				"down": {"uv": [6.75, 7.5, 9.75, 8], "rotation": 270, "texture": "#0"}
			}
		}
	],
	"display": {
		"gui": {
			"rotation": [30, 225, 0],
			"translation": [-0.5, 3.75, 0]
		},
		"head": {
			"translation": [0, -12.9, 0],
			"scale": [2.3, 2.3, 2.3]
		}
	}
}